{
  "accuracy": 0.9532428355957768,
  "precision": 0.9223880597014925,
  "recall": 0.9840764331210191,
  "f1_score": 0.9522342064714946,
  "confusion_matrix": [
    [
      323,
      26
    ],
    [
      5,
      309
    ]
  ],
  "classification_report": {
    "0": {
      "precision": 0.9847560975609756,
      "recall": 0.9255014326647565,
      "f1-score": 0.9542097488921714,
      "support": 349.0
    },
    "1": {
      "precision": 0.9223880597014925,
      "recall": 0.9840764331210191,
      "f1-score": 0.9522342064714946,
      "support": 314.0
    },
    "accuracy": 0.9532428355957768,
    "macro avg": {
      "precision": 0.953572078631234,
      "recall": 0.9547889328928878,
      "f1-score": 0.9532219776818329,
      "support": 663.0
    },
    "weighted avg": {
      "precision": 0.9552182938085204,
      "recall": 0.9532428355957768,
      "f1-score": 0.9532741224666925,
      "support": 663.0
    }
  },
  "roc_auc": 0.9877767233040716
}