model,best_cv_score,accuracy,precision,recall,f1_score,roc_auc,best_params
RandomForest,0.9967853219464109,0.9992613111726685,1.0,0.9886201991465149,0.994277539341917,0.9999861643331679,"{'model__max_depth': None, 'model__min_samples_split': 2, 'model__n_estimators': 100}"
XGBoost,0.9962512021843719,0.9990766389658357,0.9957081545064378,0.9900426742532006,0.992867332382311,0.9999716263482225,"{'model__learning_rate': 0.1, 'model__max_depth': 6, 'model__n_estimators': 200}"
