{
  "accuracy": 0.6909090909090909,
  "precision": 0.0,
  "recall": 0.0,
  "f1_score": 0.0,
  "roc_auc": 0.45375,
  "balanced_accuracy": 0.475,
  "matthews_corrcoef": -0.11895773785772162,
  "specificity": 0.95,
  "sensitivity": 0.0,
  "class_distribution": {
    "negative_class_0": 80,
    "positive_class_1": 30,
    "total": 110,
    "positive_ratio": 0.2727272727272727
  },
  "confusion_matrix": {
    "true_negatives": 76,
    "false_positives": 4,
    "false_negatives": 30,
    "true_positives": 0
  },
  "classification_report": {
    "0": {
      "precision": 0.7169811320754716,
      "recall": 0.95,
      "f1-score": 0.8172043010752689,
      "support": 80.0
    },
    "1": {
      "precision": 0.0,
      "recall": 0.0,
      "f1-score": 0.0,
      "support": 30.0
    },
    "accuracy": 0.6909090909090909,
    "macro avg": {
      "precision": 0.3584905660377358,
      "recall": 0.475,
      "f1-score": 0.40860215053763443,
      "support": 110.0
    },
    "weighted avg": {
      "precision": 0.5214408233276158,
      "recall": 0.6909090909090909,
      "f1-score": 0.5943304007820137,
      "support": 110.0
    }
  }
}