model,best_cv_score,accuracy,precision,recall,f1_score,roc_auc,best_params
RandomForest,0.9803709806740014,0.9883408071748879,0.9637305699481865,0.96875,0.9662337662337662,0.9983043291802094,"{'model__max_depth': 10, 'model__min_samples_split': 5, 'model__n_estimators': 200}"
XGBoost,0.9809793685690588,0.9910313901345291,0.9739583333333334,0.9739583333333334,0.9739583333333334,0.9983410075839654,"{'model__learning_rate': 0.05, 'model__max_depth': 4, 'model__n_estimators': 200}"
