{
  "accuracy": 0.9992613111726685,
  "precision": 1.0,
  "recall": 0.9886201991465149,
  "f1_score": 0.994277539341917,
  "confusion_matrix": [
    [
      10127,
      0
    ],
    [
      8,
      695
    ]
  ],
  "classification_report": {
    "0": {
      "precision": 0.9992106561420819,
      "recall": 1.0,
      "f1-score": 0.9996051722436087,
      "support": 10127.0
    },
    "1": {
      "precision": 1.0,
      "recall": 0.9886201991465149,
      "f1-score": 0.994277539341917,
      "support": 703.0
    },
    "accuracy": 0.9992613111726685,
    "macro avg": {
      "precision": 0.999605328071041,
      "recall": 0.9943100995732574,
      "f1-score": 0.9969413557927629,
      "support": 10830.0
    },
    "weighted avg": {
      "precision": 0.9992618942521574,
      "recall": 0.9992613111726685,
      "f1-score": 0.9992593434412181,
      "support": 10830.0
    }
  },
  "roc_auc": 0.9999861643331679
}