model,best_cv_score,accuracy,precision,recall,f1_score,roc_auc,best_params
RandomForest,0.9269174008524907,0.9721973094170404,0.8518518518518519,0.9817073170731707,0.9121813031161473,0.997576363776256,"{'model__max_depth': 10, 'model__min_samples_split': 5, 'model__n_estimators': 200}"
XGBoost,0.9165314094015772,0.9766816143497757,0.8833333333333333,0.9695121951219512,0.9244186046511628,0.9973551588828191,"{'model__learning_rate': 0.05, 'model__max_depth': 6, 'model__n_estimators': 200}"
