model,best_cv_score,accuracy,precision,recall,f1_score,roc_auc,best_params
RandomForest,0.18389897668588617,0.6514312096029548,0.09786607799852833,0.8044354838709677,0.17450251476055106,0.8102668259175787,"{'model__max_depth': 20, 'model__min_samples_split': 2, 'model__n_estimators': 200}"
XGBoost,0.1570250137796951,0.9575253924284395,1.0,0.07258064516129033,0.13533834586466165,0.8229323069167235,"{'model__learning_rate': 0.1, 'model__max_depth': 6, 'model__n_estimators': 200}"
