{
  "accuracy": 0.6514312096029548,
  "precision": 0.09786607799852833,
  "recall": 0.8044354838709677,
  "f1_score": 0.17450251476055106,
  "confusion_matrix": [
    [
      6656,
      3678
    ],
    [
      97,
      399
    ]
  ],
  "classification_report": {
    "0": {
      "precision": 0.9856360136235747,
      "recall": 0.6440874782272111,
      "f1-score": 0.7790718089775853,
      "support": 10334.0
    },
    "1": {
      "precision": 0.09786607799852833,
      "recall": 0.8044354838709677,
      "f1-score": 0.17450251476055106,
      "support": 496.0
    },
    "accuracy": 0.6514312096029548,
    "macro avg": {
      "precision": 0.5417510458110515,
      "recall": 0.7242614810490895,
      "f1-score": 0.4767871618690682,
      "support": 10830.0
    },
    "weighted avg": {
      "precision": 0.9449772981969797,
      "recall": 0.6514312096029548,
      "f1-score": 0.7513833168324654,
      "support": 10830.0
    }
  },
  "roc_auc": 0.8102668259175787
}