model,best_cv_score,accuracy,precision,recall,f1_score,roc_auc,best_params
RandomForest,0.8478307778024688,0.9847533632286996,0.8,0.9491525423728814,0.8682170542635659,0.9874646892655368,"{'model__max_depth': None, 'model__min_samples_split': 5, 'model__n_estimators': 200}"
XGBoost,0.8150314782369886,0.9883408071748879,0.9791666666666666,0.7966101694915254,0.8785046728971962,0.9928736517719569,"{'model__learning_rate': 0.1, 'model__max_depth': 4, 'model__n_estimators': 100}"
