{
  "accuracy": 0.6636363636363637,
  "precision": 0.26666666666666666,
  "recall": 0.13333333333333333,
  "f1_score": 0.17777777777777778,
  "roc_auc": 0.5220833333333335,
  "balanced_accuracy": 0.4979166666666667,
  "matthews_corrcoef": -0.005407380704358751,
  "specificity": 0.8625,
  "sensitivity": 0.13333333333333333,
  "class_distribution": {
    "negative_class_0": 80,
    "positive_class_1": 30,
    "total": 110,
    "positive_ratio": 0.2727272727272727
  },
  "confusion_matrix": {
    "true_negatives": 69,
    "false_positives": 11,
    "false_negatives": 26,
    "true_positives": 4
  },
  "classification_report": {
    "0": {
      "precision": 0.7263157894736842,
      "recall": 0.8625,
      "f1-score": 0.7885714285714286,
      "support": 80.0
    },
    "1": {
      "precision": 0.26666666666666666,
      "recall": 0.13333333333333333,
      "f1-score": 0.17777777777777778,
      "support": 30.0
    },
    "accuracy": 0.6636363636363637,
    "macro avg": {
      "precision": 0.4964912280701754,
      "recall": 0.4979166666666667,
      "f1-score": 0.4831746031746032,
      "support": 110.0
    },
    "weighted avg": {
      "precision": 0.6009569377990431,
      "recall": 0.6636363636363637,
      "f1-score": 0.621991341991342,
      "support": 110.0
    }
  }
}