{
  "accuracy": 0.9883408071748879,
  "precision": 0.9791666666666666,
  "recall": 0.7966101694915254,
  "f1_score": 0.8785046728971962,
  "confusion_matrix": [
    [
      1055,
      1
    ],
    [
      12,
      47
    ]
  ],
  "classification_report": {
    "0": {
      "precision": 0.9887535145267105,
      "recall": 0.9990530303030303,
      "f1-score": 0.993876589731512,
      "support": 1056.0
    },
    "1": {
      "precision": 0.9791666666666666,
      "recall": 0.7966101694915254,
      "f1-score": 0.8785046728971962,
      "support": 59.0
    },
    "accuracy": 0.9883408071748879,
    "macro avg": {
      "precision": 0.9839600905966885,
      "recall": 0.8978315998972779,
      "f1-score": 0.9361906313143542,
      "support": 1115.0
    },
    "weighted avg": {
      "precision": 0.9882462284067619,
      "recall": 0.9883408071748879,
      "f1-score": 0.9877717080335527,
      "support": 1115.0
    }
  },
  "roc_auc": 0.9928736517719569
}